,R,AT,KT,KI
0,50,0.09994848016486348,0.0,0.0
1,100,0.09998274672187715,0.0,0.0
2,150,0.10002600329375054,0.0,0.0
3,200,0.09997387442306017,0.0,0.0
4,250,0.10001750087504375,0.0,0.0
5,300,0.09996483207314928,0.0,0.0
